sample_id,plot_id,date,held_out_block,true_class,cnn_prediction,cnn_confidence
S01,P01,2020-06-26,1,Control,Control,0.394751
S02,P02,2020-06-26,1,Fungicide,Control,0.392703
S03,P03,2020-06-26,1,Inoculated,Control,0.38878
S04,P04,2020-06-26,2,Control,Inoculated,0.333684
S05,P05,2020-06-26,2,Fungicide,Inoculated,0.333684
S06,P06,2020-06-26,2,Inoculated,Inoculated,0.333684
S07,P07,2020-06-26,3,Control,Inoculated,0.420079
S08,P08,2020-06-26,3,Fungicide,Control,0.951695
S09,P09,2020-06-26,3,Inoculated,Inoculated,0.395929
S10,P10,2020-06-26,4,Control,Inoculated,0.383174
S11,P11,2020-06-26,4,Fungicide,Control,0.815628
S12,P12,2020-06-26,4,Inoculated,Inoculated,0.429898
S13,P01,2020-09-03,1,Control,Fungicide,0.383842
S14,P02,2020-09-03,1,Fungicide,Fungicide,0.384748
S15,P03,2020-09-03,1,Inoculated,Inoculated,0.947554
S16,P04,2020-09-03,2,Control,Inoculated,0.333684
S17,P05,2020-09-03,2,Fungicide,Inoculated,0.333683
S18,P06,2020-09-03,2,Inoculated,Inoculated,0.333684
S19,P07,2020-09-03,3,Control,Control,0.565749
S20,P08,2020-09-03,3,Fungicide,Control,0.983101
S21,P09,2020-09-03,3,Inoculated,Inoculated,0.98622
S22,P10,2020-09-03,4,Control,Control,0.764286
S23,P11,2020-09-03,4,Fungicide,Control,0.81003
S24,P12,2020-09-03,4,Inoculated,Inoculated,0.999999
