plot_id,block,treatment,early_green_share,late_green_share,severity_sep04,root_weight,sugar_content_pct,pixel_x,pixel_y,polygon_early_px,polygon_late_px
P01,1,Control,0.581501,0.607768,3,82.75,18.365,49.655,170.166,"POLYGON ((0.468 153, 98.921 153, 98.843 187.333, 0.39 187.332, 0.468 153))","POLYGON ((0.468 153, 98.921 153, 98.843 187.333, 0.39 187.332, 0.468 153))"
P02,1,Fungicide,0.58798,0.610954,2,88.9,18.8,49.577,204.499,"POLYGON ((0.39 187.332, 98.843 187.333, 98.764 221.665, 0.311 221.665, 0.39 187.332))","POLYGON ((0.39 187.332, 98.843 187.333, 98.764 221.665, 0.311 221.665, 0.39 187.332))"
P03,1,Inoculated,0.592752,0.387273,9,72.85,16.585,49.502,238.823,"POLYGON ((0.314 221.656, 98.767 221.657, 98.689 255.989, 0.236 255.989, 0.314 221.656))","POLYGON ((0.314 221.656, 98.767 221.657, 98.689 255.989, 0.236 255.989, 0.314 221.656))"
P04,2,Control,0.593315,0.516765,3,81.25,18.045,186.474,341.829,"POLYGON ((137.287 324.663, 235.74 324.663, 235.662 358.996, 137.209 358.995, 137.287 324.663))","POLYGON ((137.287 324.663, 235.74 324.663, 235.662 358.996, 137.209 358.995, 137.287 324.663))"
P05,2,Fungicide,0.589739,0.563834,2,89.85,18.905,186.631,273.164,"POLYGON ((137.444 255.998, 235.897 255.998, 235.819 290.331, 137.366 290.33, 137.444 255.998))","POLYGON ((137.444 255.998, 235.897 255.998, 235.819 290.331, 137.366 290.33, 137.444 255.998))"
P06,2,Inoculated,0.595477,0.368144,9,70.0,16.365,186.553,307.497,"POLYGON ((137.366 290.33, 235.819 290.331, 235.74 324.663, 137.287 324.663, 137.366 290.33))","POLYGON ((137.366 290.33, 235.819 290.331, 235.74 324.663, 137.287 324.663, 137.366 290.33))"
P07,3,Control,0.59312,0.557185,2,86.85,17.96,324.98,238.832,"POLYGON ((275.793 221.666, 374.246 221.666, 374.167 255.998, 275.714 255.998, 275.793 221.666))","POLYGON ((275.793 221.666, 374.246 221.666, 374.167 255.998, 275.714 255.998, 275.793 221.666))"
P08,3,Fungicide,0.614975,0.597977,2,91.55,18.71,325.137,170.167,"POLYGON ((275.95 153.001, 374.403 153.001, 374.324 187.334, 275.871 187.333, 275.95 153.001))","POLYGON ((275.95 153.001, 374.403 153.001, 374.324 187.334, 275.871 187.333, 275.95 153.001))"
P09,3,Inoculated,0.59279,0.315921,9,71.0,16.34,325.059,204.5,"POLYGON ((275.871 187.333, 374.324 187.334, 374.246 221.666, 275.793 221.666, 275.871 187.333))","POLYGON ((275.871 187.333, 374.324 187.334, 374.246 221.666, 275.793 221.666, 275.871 187.333))"
P10,4,Control,0.587486,0.551251,3,90.7,18.155,462.411,307.497,"POLYGON ((413.224 290.331, 511.677 290.331, 511.598 324.663, 413.145 324.663, 413.224 290.331))","POLYGON ((413.224 290.331, 511.677 290.331, 511.598 324.663, 413.145 324.663, 413.224 290.331))"
P11,4,Fungicide,0.581924,0.570197,1,94.45,18.78,462.333,341.83,"POLYGON ((413.145 324.663, 511.598 324.663, 511.52 358.996, 413.067 358.996, 413.145 324.663))","POLYGON ((413.145 324.663, 511.598 324.663, 511.52 358.996, 413.067 358.996, 413.145 324.663))"
P12,4,Inoculated,0.597294,0.350646,9,76.1,16.765,462.489,273.165,"POLYGON ((413.302 255.999, 511.755 255.999, 511.677 290.331, 413.224 290.331, 413.302 255.999))","POLYGON ((413.302 255.999, 511.755 255.999, 511.677 290.331, 413.224 290.331, 413.302 255.999))"
